<?xml version="1.0" encoding="UTF-8"?>
<rss version="2.0" xmlns:ror="http://rorweb.com/0.1/" >
<channel>
  <title>ROR Sitemap for https://marcelo-diament.github.io/pivoart/</title>
  <link>https://marcelo-diament.github.io/pivoart/</link>

<item>
     <link>https://marcelo-diament.github.io/pivoart/</link>
     <title>Decoração Judaica PivoArt &amp;#x2721;</title>
     <description>Decoração Judaica PivoArt | Artigos de Decoração Judaica inspirados em Israel. Peças decorativas para festas, cerimônias, bençãos e objetos personalizados.</description>
     <ror:updatePeriod></ror:updatePeriod>
     <ror:sortOrder>0</ror:sortOrder>
     <ror:resourceOf>sitemap</ror:resourceOf>
</item>
</channel>
</rss>
  